﻿Designator,Quantity,Value,Footprint,Package,MPN,DNP,Mount_Type,Description,MF,Description_1,Price,Check_prices,SnapEDA_Link,MP,Availability,MANUFACTURER,MAXIMUM_PACKAGE_HEIGHT,STANDARD,PARTREV,SNAPEDA_PN,VALUE
"C1, C6",2,1nF,C_1210_3225Metric_Pad1.33x2.70mm_HandSolder,,,,smt,Unpolarized capacitor,,,,,,,,,,,,,
C10,1,12nF,C_1210_3225Metric_Pad1.33x2.70mm_HandSolder,,,,smt,Unpolarized capacitor,,,,,,,,,,,,,
C11,1,1uF,C_1210_3225Metric_Pad1.33x2.70mm_HandSolder,,,,smt,Unpolarized capacitor,,,,,,,,,,,,,
"C2, C5",2,12uF,CP_Radial_D10.0mm_P7.50mm,,,,tht,"Polarized capacitor, US symbol",,,,,,,,,,,,,
C3,1,330nF,C_1210_3225Metric_Pad1.33x2.70mm_HandSolder,,,,smt,Unpolarized capacitor,,,,,,,,,,,,,
C4,1,220pF,C_1210_3225Metric_Pad1.33x2.70mm_HandSolder,,,,smt,Unpolarized capacitor,,,,,,,,,,,,,
C7,1,C,C_1210_3225Metric_Pad1.33x2.70mm_HandSolder,,,,smt,Unpolarized capacitor,,,,,,,,,,,,,
"C8, C9",2,560uF,CP_Radial_D10.0mm_P7.50mm,,,,tht,"Polarized capacitor, US symbol",,,,,,,,,,,,,
D1,1,RB157,Diode_Bridge_Round_D9.0mm,,,,tht,"Single-Phase Bridge Rectifier, 700V Vrms, 1.5A If, WOG-like package",,,,,,,,,,,,,
"D2, D3, D4",3,1N4148WSQ-7-F,SOD2513X120N,SOD-323 Diodes Inc.,,,smt,,Diodes Inc.,Diode Standard 75 V 150mA Surface Mount SOD-323,None,https://www.snapeda.com/parts/1N4148WSQ-7-F/Diodes+Inc./view-part/?ref=eda,https://www.snapeda.com/parts/1N4148WSQ-7-F/Diodes+Inc./view-part/?ref=snap,1N4148WSQ-7-F,In Stock,Diodes Inc.,,,,,
D5,1,D_Schottky_Dual_Series_CAK,Littelfuse_PolyZen-LS,,,,smt,"Dual Schottky diode, center/anode/cathode",,,,,,,,,,,,,
F1,1,RSTA-2.5-BULK,FUSE_RST-1-BULK,Radial Box  Bel Fuse,,,tht,,Bel Fuse,"2.5 A 250 V AC 63 V DC Fuse Board Mount (Cartridge Style Excluded) Through Hole Radial, Box",None,https://www.snapeda.com/parts/RSTA%202.5%20BULK/Bel+Circuit+Protection/view-part/?ref=eda,https://www.snapeda.com/parts/RSTA%202.5%20BULK/Bel+Circuit+Protection/view-part/?ref=snap,RSTA 2.5 BULK,In Stock,BELFUSE,7.9mm,Manufacturer Recommendations,Jan2019,,
"J1, J2",2,Screw_Terminal_01x01,Mounting_Wuerth_WA-SMSI-M1.6_H1mm_9774010633,,,,smt,"Generic screw terminal, single row, 01x01, script generated (kicad-library-utils/schlib/autogen/connector/)",,,,,,,,,,,,,
J3,1,USB4515-GF-A_REVA,GCT_USB4515-GF-A_REVA,None,,,smt,,Global Connector Technology,Type C USB Charging Connector,None,https://www.snapeda.com/parts/USB4515-GF-A/Global+Connector+Technology/view-part/?ref=eda,https://www.snapeda.com/parts/USB4515-GF-A/Global+Connector+Technology/view-part/?ref=snap,USB4515-GF-A,In Stock,GCT,3.16 mm,Manufacturer Recommendations,A,,
J4,1,USB1046-GF-0190-L-B-A_REVB4,GCT_USB1046-GF-0190-L-B-A_REVB4,None,,,smt,,Global Connector Technology,"USB-A (USB TYPE-A) USB 2.0 Receptacle Connector 4 Position Surface Mount, Through Hole",None,https://www.snapeda.com/parts/USB1046-GF-0190-L-B-A/Global+Connector+Technology/view-part/?ref=eda,https://www.snapeda.com/parts/USB1046-GF-0190-L-B-A/Global+Connector+Technology/view-part/?ref=snap,USB1046-GF-0190-L-B-A,In Stock,Global Connector Technology,7.65mm,Manufacturer Recommendations,B4,USB1046-GF-0190-L-B-A,
L1,1,WE-PD_1210,WE-PD_1210,Nonstandard Würth Elektronik,,,smt,,Würth Elektronik,"High Current Inductor, Fixed, 1210, 470 uH, 1.4 A, .56 Ohm, WE-PD Series | Wurth Electronics 7447709471",None,https://www.snapeda.com/parts/7447709471/W%25C3%25BCrth+Elektronik+Midcom/view-part/?ref=eda,https://www.snapeda.com/parts/7447709471/W%25C3%25BCrth+Elektronik+Midcom/view-part/?ref=snap,7447709471,In Stock,,,,,,
R1,1,3.3K,R_1210_3225Metric_Pad1.30x2.65mm_HandSolder,,,,smt,Resistor,,,,,,,,,,,,,
"R10, R11",2,10k,R_1210_3225Metric_Pad1.30x2.65mm_HandSolder,,,,smt,Resistor,,,,,,,,,,,,,
R2,1,R,R_1210_3225Metric_Pad1.30x2.65mm_HandSolder,,,,smt,Resistor,,,,,,,,,,,,,
R3,1,33,R_1210_3225Metric_Pad1.30x2.65mm_HandSolder,,,,smt,Resistor,,,,,,,,,,,,,
R4,1,220k,R_1210_3225Metric_Pad1.30x2.65mm_HandSolder,,,,smt,Resistor,,,,,,,,,,,,,
R5,1,100,R_1210_3225Metric_Pad1.30x2.65mm_HandSolder,,,,smt,Resistor,,,,,,,,,,,,,
R6,1,12k,R_1210_3225Metric_Pad1.30x2.65mm_HandSolder,,,,smt,Resistor,,,,,,,,,,,,,
R7,1,1M,R_1210_3225Metric_Pad1.30x2.65mm_HandSolder,,,,smt,Resistor,,,,,,,,,,,,,
R8,1,130K,R_1210_3225Metric_Pad1.30x2.65mm_HandSolder,,,,smt,Resistor,,,,,,,,,,,,,
R9,1,43K,R_1210_3225Metric_Pad1.30x2.65mm_HandSolder,,,,smt,Resistor,,,,,,,,,,,,,
T1,1,WE-FB_EP7_SCH1,WE-FB_EP7_P11.68,None,,,smt,,Würth Elektronik,Flyback Converters For For DC/DC Converters SMPS Transformer 1500Vrms Isolation  Surface Mount,None,https://www.snapeda.com/parts/750370058/W%25C3%25BCrth+Elektronik+Midcom/view-part/?ref=eda,https://www.snapeda.com/parts/750370058/W%25C3%25BCrth+Elektronik+Midcom/view-part/?ref=snap,750370058,In Stock,,,,,,
U1,1,VIPER26LD,SO16N,SO-16 STMicroelectronics,,,smt,,STMicroelectronics,Converter Offline Flyback Topology 60kHz 16-SO,None,https://www.snapeda.com/parts/VIPER26LD/STMicroelectronics/view-part/?ref=eda,https://www.snapeda.com/parts/VIPER26LD/STMicroelectronics/view-part/?ref=snap,VIPER26LD,In Stock,,,,,,VIPER26LD
U2,1,VO617A-3X018T,SOIC254P1210X390-4N,SMD-4 Vishay,,,smt,,Vishay,"Optocoupler, Phototransistor Output, High Reliability, 5300 VRMS",None,https://www.snapeda.com/parts/VO617A-3X018T/Vishay/view-part/?ref=eda,https://www.snapeda.com/parts/VO617A-3X018T/Vishay/view-part/?ref=snap,VO617A-3X018T,In Stock,VISHAY,,,,,
