﻿pos_x,pos_y,rotation,side,designator,mpn,pack,footprint,value,mount_type
202.4,-79.0,0.0,bottom,C1,,,C_1210_3225Metric_Pad1.33x2.70mm_HandSolder,1nF,smt
226.7,-83.9,90.0,bottom,C10,,,C_1210_3225Metric_Pad1.33x2.70mm_HandSolder,12nF,smt
221.6,-56.5,180.0,bottom,C11,,,C_1210_3225Metric_Pad1.33x2.70mm_HandSolder,1uF,smt
197.982323,-63.6,0.0,top,C2,,,CP_Radial_D10.0mm_P7.50mm,12uF,tht
201.05,-72.47,-90.0,bottom,C3,,,C_1210_3225Metric_Pad1.33x2.70mm_HandSolder,330nF,smt
205.4,-74.2,180.0,bottom,C4,,,C_1210_3225Metric_Pad1.33x2.70mm_HandSolder,220pF,smt
214.2,-77.082323,-90.0,top,C5,,,CP_Radial_D10.0mm_P7.50mm,12uF,tht
202.3,-58.5,90.0,bottom,C6,,,C_1210_3225Metric_Pad1.33x2.70mm_HandSolder,1nF,smt
215.5,-80.8,0.0,bottom,C7,,,C_1210_3225Metric_Pad1.33x2.70mm_HandSolder,C,smt
215.8,-55.917677,90.0,top,C8,,,CP_Radial_D10.0mm_P7.50mm,560uF,tht
227.35,-55.917677,90.0,top,C9,,,CP_Radial_D10.0mm_P7.50mm,560uF,tht
199.5,-54.6,90.0,top,D1,,,Diode_Bridge_Round_D9.0mm,RB157,tht
205.8,-67.3,0.0,bottom,D2,,SOD-323 Diodes Inc.,SOD2513X120N,1N4148WSQ-7-F,smt
211.3,-57.8,0.0,bottom,D3,,SOD-323 Diodes Inc.,SOD2513X120N,1N4148WSQ-7-F,smt
222.2,-59.5,180.0,bottom,D4,,SOD-323 Diodes Inc.,SOD2513X120N,1N4148WSQ-7-F,smt
221.1,-81.5,90.0,bottom,D5,,,Littelfuse_PolyZen-LS,D_Schottky_Dual_Series_CAK,smt
192.8,-51.7,90.0,top,F1,,Radial Box  Bel Fuse,FUSE_RST-1-BULK,RSTA-2.5-BULK,tht
191.725,-59.2,0.0,top,J1,,,Mounting_Wuerth_WA-SMSI-M1.6_H1mm_9774010633,Screw_Terminal_01x01,smt
191.7,-74.225,0.0,top,J2,,,Mounting_Wuerth_WA-SMSI-M1.6_H1mm_9774010633,Screw_Terminal_01x01,smt
235.9675,-66.7,-90.0,bottom,J3,,None,GCT_USB4515-GF-A_REVA,USB4515-GF-A_REVA,smt
228.4975,-66.7125,90.0,top,J4,,None,GCT_USB1046-GF-0190-L-B-A_REVB4,USB1046-GF-0190-L-B-A_REVB4,smt
202.4,-79.025,0.0,top,L1,,Nonstandard Würth Elektronik,WE-PD_1210,WE-PD_1210,smt
205.45,-70.57,180.0,bottom,R1,,,R_1210_3225Metric_Pad1.30x2.65mm_HandSolder,3.3K,smt
227.3325,-69.2,0.0,bottom,R10,,,R_1210_3225Metric_Pad1.30x2.65mm_HandSolder,10k,smt
227.3825,-64.1,0.0,bottom,R11,,,R_1210_3225Metric_Pad1.30x2.65mm_HandSolder,10k,smt
214.5,-52.3,180.0,bottom,R2,,,R_1210_3225Metric_Pad1.30x2.65mm_HandSolder,R,smt
201.7,-64.2,90.0,bottom,R3,,,R_1210_3225Metric_Pad1.30x2.65mm_HandSolder,33,smt
207.0,-58.5,90.0,bottom,R4,,,R_1210_3225Metric_Pad1.30x2.65mm_HandSolder,220k,smt
226.7,-76.1,180.0,bottom,R5,,,R_1210_3225Metric_Pad1.30x2.65mm_HandSolder,100,smt
221.3,-77.2,0.0,bottom,R6,,,R_1210_3225Metric_Pad1.30x2.65mm_HandSolder,12k,smt
226.7,-79.5,0.0,bottom,R7,,,R_1210_3225Metric_Pad1.30x2.65mm_HandSolder,1M,smt
232.1,-76.0,0.0,bottom,R8,,,R_1210_3225Metric_Pad1.30x2.65mm_HandSolder,130K,smt
232.1,-79.4,0.0,bottom,R9,,,R_1210_3225Metric_Pad1.30x2.65mm_HandSolder,43K,smt
215.3,-66.0,0.0,top,T1,,None,WE-FB_EP7_P11.68,WE-FB_EP7_SCH1,smt
215.5,-64.2,-90.0,bottom,U1,,SO-16 STMicroelectronics,SO16N,VIPER26LD,smt
215.5,-72.4,180.0,bottom,U2,,SMD-4 Vishay,SOIC254P1210X390-4N,VO617A-3X018T,smt
